Date,Open,High,Low,Close,Adj Close,Volume
01/07/2015,126.900002,126.940002,125.989998,126.599998,120.32756,30238800
02/07/2015,126.43,126.690002,125.769997,126.440002,120.175491,27211000
06/07/2015,124.940002,126.230003,124.849998,126,119.757301,28060400
07/07/2015,125.889999,126.150002,123.769997,125.690002,119.462669,46946800
08/07/2015,124.480003,124.639999,122.540001,122.57,116.497238,60761600
09/07/2015,123.849998,124.059998,119.220001,120.07,114.121101,77821600
10/07/2015,121.940002,123.849998,121.209999,123.279999,117.172066,61354500
13/07/2015,125.029999,125.760002,124.32,125.660004,119.434151,41440500
14/07/2015,126.040001,126.370003,125.040001,125.610001,119.386612,31768100
15/07/2015,125.720001,127.150002,125.580002,126.82,120.536682,33649200
16/07/2015,127.739998,128.570007,127.349998,128.509995,122.142929,36222400
17/07/2015,129.080002,129.619995,128.309998,129.619995,123.197929,46164700
20/07/2015,130.970001,132.970001,130.699997,132.070007,125.526573,58900200
21/07/2015,132.850006,132.919998,130.320007,130.75,124.271957,76756400
22/07/2015,121.989998,125.5,121.989998,125.220001,119.015938,115450600
23/07/2015,126.199997,127.089996,125.059998,125.160004,118.958923,50999500
24/07/2015,125.32,125.739998,123.900002,124.5,118.331612,42162300
27/07/2015,123.089996,123.610001,122.120003,122.769997,116.687317,44455500
28/07/2015,123.379997,123.910004,122.550003,123.379997,117.267105,33618100
29/07/2015,123.150002,123.5,122.269997,122.989998,116.896423,37011700
30/07/2015,122.32,122.57,121.709999,122.370003,116.307167,33628300
31/07/2015,122.599998,122.639999,120.910004,121.300003,115.290161,42885000
03/08/2015,121.5,122.57,117.519997,118.440002,112.571854,69976000
04/08/2015,117.419998,117.699997,113.25,114.639999,108.960129,124138600
05/08/2015,112.949997,117.440002,112.099998,115.400002,109.682457,99312600
06/08/2015,115.970001,116.5,114.120003,115.129997,109.921165,52903000
07/08/2015,114.580002,116.25,114.5,115.519997,110.293526,38670400
10/08/2015,116.529999,119.989998,116.529999,119.720001,114.303505,54951600
11/08/2015,117.809998,118.18,113.330002,113.489998,108.355354,97082800
12/08/2015,112.529999,115.419998,109.629997,115.239998,110.026184,101217500
13/08/2015,116.040001,116.400002,114.540001,115.150002,109.940262,48535800
14/08/2015,114.32,116.309998,114.010002,115.959999,110.713615,42929500
17/08/2015,116.040001,117.650002,115.5,117.160004,111.859322,40884700
18/08/2015,116.43,117.440002,116.010002,116.5,111.229187,34560700
19/08/2015,116.099998,116.519997,114.68,115.010002,109.806602,47445700
20/08/2015,114.080002,114.349998,111.629997,112.650002,107.553375,68501600
21/08/2015,110.43,111.900002,105.650002,105.760002,100.975098,128275500
24/08/2015,94.870003,108.800003,92,103.120003,98.454536,162206300
25/08/2015,111.110001,111.110001,103.5,103.739998,99.046486,103601600
26/08/2015,107.089996,109.889999,105.050003,109.690002,104.727287,96774600
27/08/2015,112.230003,113.239998,110.019997,112.919998,107.81115,84616100
28/08/2015,112.169998,113.309998,111.540001,113.290001,108.164413,53164400
31/08/2015,112.029999,114.529999,112,112.760002,107.658394,56229300
01/09/2015,110.150002,111.879997,107.360001,107.720001,102.846413,76845900
02/09/2015,110.230003,112.339996,109.129997,112.339996,107.257393,61888800
03/09/2015,112.489998,112.779999,110.040001,110.370003,105.376534,53233900
04/09/2015,108.970001,110.449997,108.510002,109.269997,104.326286,49996300
08/09/2015,111.75,112.559998,110.32,112.309998,107.228752,54843600
09/09/2015,113.760002,114.019997,109.769997,110.150002,105.166473,85010800
10/09/2015,110.269997,113.279999,109.900002,112.57,107.477005,62892800
11/09/2015,111.790001,114.209999,111.760002,114.209999,109.042786,49915500
14/09/2015,116.580002,116.889999,114.860001,115.309998,110.093018,58363400
15/09/2015,115.93,116.529999,114.419998,116.279999,111.01915,43341200
16/09/2015,116.25,116.540001,115.440002,116.410004,111.14325,37173500
17/09/2015,115.660004,116.489998,113.720001,113.919998,108.765907,64112600
18/09/2015,112.209999,114.300003,111.870003,113.449997,108.317177,74285300
21/09/2015,113.669998,115.370003,113.660004,115.209999,109.997559,50222000
22/09/2015,113.379997,114.18,112.519997,113.400002,108.269447,50346200
23/09/2015,113.629997,114.720001,113.300003,114.32,109.147812,35756700
24/09/2015,113.25,115.5,112.370003,115,109.79705,50219500
25/09/2015,116.440002,116.690002,114.019997,114.709999,109.520172,56151900
28/09/2015,113.849998,114.57,112.440002,112.440002,107.352859,52109000
29/09/2015,112.830002,113.510002,107.860001,109.059998,104.125793,73365400
30/09/2015,110.169998,111.540001,108.730003,110.300003,105.309692,66473000
01/10/2015,109.07,109.620003,107.309998,109.580002,104.622276,63929100
02/10/2015,108.010002,111.010002,107.550003,110.379997,105.38607,58019800
05/10/2015,109.879997,111.370003,109.07,110.779999,105.76799,52064700
06/10/2015,110.629997,111.739998,109.769997,111.309998,106.273987,48196800
07/10/2015,111.739998,111.769997,109.410004,110.779999,105.76799,46765600
08/10/2015,110.190002,110.190002,108.209999,109.5,104.545883,61979600
09/10/2015,110,112.279999,109.489998,112.120003,107.04734,52766100
12/10/2015,112.730003,112.75,111.440002,111.599998,106.550873,30467200
13/10/2015,110.82,112.449997,110.68,111.790001,106.732285,33049300
14/10/2015,111.290001,111.519997,109.559998,110.209999,105.223763,44462400
15/10/2015,110.93,112.099998,110.489998,111.860001,106.799118,37673500
16/10/2015,111.779999,112,110.529999,111.040001,106.016212,39232600
19/10/2015,110.800003,111.75,110.110001,111.730003,106.674995,29759200
20/10/2015,111.339996,114.169998,110.82,113.769997,108.622688,48778800
21/10/2015,114,115.580002,113.699997,113.760002,108.613159,41795200
22/10/2015,114.330002,115.5,114.099998,115.5,110.274422,41654100
23/10/2015,116.699997,119.230003,116.330002,119.080002,113.692459,59366900
26/10/2015,118.080002,118.129997,114.919998,115.279999,110.064369,66333800
27/10/2015,115.400002,116.540001,113.989998,114.550003,109.367401,69884400
28/10/2015,116.93,119.300003,116.059998,119.269997,113.873856,85551400
29/10/2015,118.699997,120.690002,118.269997,120.529999,115.076851,51227300
30/10/2015,120.989998,121.220001,119.449997,119.5,114.093452,49365300
02/11/2015,120.800003,121.360001,119.610001,121.18,115.697449,32203300
03/11/2015,120.790001,123.489998,120.699997,122.57,117.024551,45519000
04/11/2015,123.129997,123.82,121.620003,122,116.480339,44886100
05/11/2015,121.849998,122.690002,120.18,120.919998,115.94339,39552700
06/11/2015,121.110001,121.809998,120.620003,121.059998,116.077629,33042300
09/11/2015,120.959999,121.809998,120.050003,120.57,115.607796,33871400
10/11/2015,116.900002,118.07,116.059998,116.769997,111.964195,59127900
11/11/2015,116.370003,117.419998,115.209999,116.110001,111.331345,45218000
12/11/2015,116.260002,116.82,115.650002,115.720001,110.957413,32525600
13/11/2015,115.199997,115.57,112.269997,112.339996,107.716499,45812400
16/11/2015,111.379997,114.239998,111,114.18,109.480782,38106700
17/11/2015,114.919998,115.050003,113.32,113.690002,109.010956,27616900
18/11/2015,115.760002,117.489998,115.5,117.290001,112.462791,46674700
19/11/2015,117.639999,119.75,116.760002,118.779999,113.891464,43295800
20/11/2015,119.199997,119.919998,118.849998,119.300003,114.390068,34287100
23/11/2015,119.269997,119.730003,117.339996,117.75,112.903854,32482500
24/11/2015,117.330002,119.349998,117.120003,118.879997,113.98735,42803200
25/11/2015,119.209999,119.230003,117.919998,118.029999,113.172325,21388300
27/11/2015,118.290001,118.410004,117.599998,117.809998,112.961395,13046400
30/11/2015,117.989998,119.410004,117.75,118.300003,113.431229,39180300
01/12/2015,118.75,118.809998,116.860001,117.339996,112.510719,34852400
02/12/2015,117.339996,118.110001,116.080002,116.279999,111.494362,33386600
03/12/2015,116.550003,116.790001,114.220001,115.199997,110.458809,41569500
04/12/2015,115.290001,119.25,115.110001,119.029999,114.131172,57777000
07/12/2015,118.980003,119.860001,117.809998,118.279999,113.412041,32084200
08/12/2015,117.519997,118.599998,116.860001,118.230003,113.364113,34309500
09/12/2015,117.639999,117.690002,115.080002,115.620003,110.861519,46361400
10/12/2015,116.040001,116.940002,115.510002,116.169998,111.388885,29104200
11/12/2015,115.190002,115.389999,112.849998,113.18,108.521942,46886200
14/12/2015,112.18,112.68,109.790001,112.480003,107.850754,64318700
15/12/2015,111.940002,112.800003,110.349998,110.489998,105.94265,53323100
16/12/2015,111.07,111.989998,108.800003,111.339996,106.757668,56238500
17/12/2015,112.019997,112.25,108.980003,108.980003,104.494812,44772800
18/12/2015,108.910004,109.519997,105.809998,106.029999,101.666206,96453300
21/12/2015,107.279999,107.370003,105.57,107.330002,102.912712,47590600
22/12/2015,107.400002,107.720001,106.449997,107.230003,102.816826,32789400
23/12/2015,107.269997,108.849998,107.199997,108.610001,104.14003,32657400
24/12/2015,109,109,107.949997,108.029999,103.583885,13570400
28/12/2015,107.589996,107.690002,106.18,106.82,102.423691,26704200
29/12/2015,106.959999,109.43,106.860001,108.739998,104.264664,30931200
30/12/2015,108.580002,108.699997,107.18,107.32,102.903107,25213800
31/12/2015,107.010002,107.029999,104.82,105.260002,100.927902,40635300
04/01/2016,102.610001,105.370003,102,105.349998,101.014191,67649400
05/01/2016,105.75,105.849998,102.410004,102.709999,98.482849,55791000
06/01/2016,100.559998,102.370003,99.870003,100.699997,96.555565,68457400
07/01/2016,98.68,100.129997,96.43,96.449997,92.480484,81094400
08/01/2016,98.550003,99.110001,96.760002,96.959999,92.969498,70798000
11/01/2016,98.970001,99.059998,97.339996,98.529999,94.474884,49739400
12/01/2016,100.550003,100.690002,98.839996,99.959999,95.846008,49154200
13/01/2016,100.32,101.190002,97.300003,97.389999,93.381798,62439600
14/01/2016,97.959999,100.480003,95.739998,99.519997,95.424126,63170100
15/01/2016,96.199997,97.709999,95.360001,97.129997,93.132484,79010000
19/01/2016,98.410004,98.650002,95.5,96.660004,92.681847,53087700
20/01/2016,95.099998,98.190002,93.419998,96.790001,92.806503,72334400
21/01/2016,97.059998,97.879997,94.940002,96.300003,92.336662,52161500
22/01/2016,98.629997,101.459999,98.370003,101.419998,97.245934,65800500
25/01/2016,101.519997,101.529999,99.209999,99.440002,95.347427,51794500
26/01/2016,99.93,100.879997,98.07,99.989998,95.874786,75077000
27/01/2016,96.040001,96.629997,93.339996,93.419998,89.57518,133369700
28/01/2016,93.790001,94.519997,92.389999,94.089996,90.217606,55678800
29/01/2016,94.790001,97.339996,94.349998,97.339996,93.333855,64416500
01/02/2016,96.470001,96.709999,95.400002,96.43,92.461311,40943500
02/02/2016,95.419998,96.040001,94.279999,94.480003,90.59156,37357200
03/02/2016,95,96.839996,94.080002,96.349998,92.384598,45964300
04/02/2016,95.860001,97.330002,95.190002,96.599998,93.1269,46471700
05/02/2016,96.519997,96.919998,93.690002,94.019997,90.639664,46418100
08/02/2016,93.129997,95.699997,93.040001,95.010002,91.594078,54021400
09/02/2016,94.290001,95.940002,93.93,94.989998,91.574799,44331200
10/02/2016,95.919998,96.349998,94.099998,94.269997,90.880684,42343600
11/02/2016,93.790001,94.720001,92.589996,93.699997,90.331177,50074700
12/02/2016,94.190002,94.5,93.010002,93.989998,90.610756,40351400
16/02/2016,95.019997,96.849998,94.610001,96.639999,93.165482,49057900
17/02/2016,96.669998,98.209999,96.150002,98.120003,94.592262,44863200
18/02/2016,98.839996,98.889999,96.089996,96.260002,92.799126,39021000
19/02/2016,96,96.760002,95.800003,96.040001,92.587059,35374200
22/02/2016,96.309998,96.900002,95.919998,96.879997,93.396843,34280800
23/02/2016,96.400002,96.5,94.550003,94.690002,91.285568,31942600
24/02/2016,93.980003,96.379997,93.32,96.099998,92.644897,36255700
25/02/2016,96.050003,96.760002,95.25,96.760002,93.281166,27582700
26/02/2016,97.199997,98.019997,96.580002,96.910004,93.425774,28991100
29/02/2016,96.860001,98.230003,96.650002,96.690002,93.213684,35216300
01/03/2016,97.650002,100.769997,97.419998,100.529999,96.915619,50407100
02/03/2016,100.510002,100.889999,99.639999,100.75,97.127716,33169600
03/03/2016,100.580002,101.709999,100.449997,101.5,97.850739,36955700
04/03/2016,102.370003,103.75,101.370003,103.010002,99.306458,46055100
07/03/2016,102.389999,102.830002,100.959999,101.870003,98.207436,35828900
08/03/2016,100.779999,101.760002,100.400002,101.029999,97.397629,31561900
09/03/2016,101.309998,101.580002,100.269997,101.120003,97.484413,27201700
10/03/2016,101.410004,102.239998,100.150002,101.169998,97.5326,33513600
11/03/2016,102.239998,102.279999,101.5,102.260002,98.58342,27408200
14/03/2016,101.910004,102.910004,101.779999,102.519997,98.834068,25076100
15/03/2016,103.959999,105.18,103.849998,104.580002,100.820015,40067700
16/03/2016,104.610001,106.309998,104.589996,105.970001,102.160034,38303500
17/03/2016,105.519997,106.470001,104.959999,105.800003,101.996147,34420700
18/03/2016,106.339996,106.5,105.190002,105.919998,102.111832,44205200
21/03/2016,105.93,107.650002,105.139999,105.910004,102.102196,35502700
22/03/2016,105.25,107.290001,105.209999,106.720001,102.883064,32444400
23/03/2016,106.480003,107.07,105.900002,106.129997,102.31427,25703500
24/03/2016,105.470001,106.25,104.889999,105.669998,101.870819,26133000
28/03/2016,106,106.190002,105.059998,105.190002,101.408089,19411400
29/03/2016,104.889999,107.790001,104.879997,107.68,103.808548,31190100
30/03/2016,108.650002,110.419998,108.599998,109.559998,105.620964,45601100
31/03/2016,109.720001,109.900002,108.879997,108.989998,105.071449,25888400
01/04/2016,108.779999,110,108.199997,109.989998,106.035492,25874000
04/04/2016,110.419998,112.190002,110.269997,111.120003,107.12487,37356200
05/04/2016,109.510002,110.730003,109.419998,109.809998,105.861961,26578700
06/04/2016,110.230003,110.980003,109.199997,110.959999,106.970627,26404100
07/04/2016,109.949997,110.419998,108.120003,108.540001,104.63765,31801900
08/04/2016,108.910004,109.769997,108.169998,108.660004,104.753319,23581700
11/04/2016,108.970001,110.610001,108.830002,109.019997,105.100372,29407500
12/04/2016,109.339996,110.5,108.660004,110.440002,106.469322,27232300
13/04/2016,110.800003,112.339996,110.800003,112.040001,108.011795,33257300
14/04/2016,111.620003,112.389999,111.330002,112.099998,108.069633,25473900
15/04/2016,112.110001,112.300003,109.730003,109.849998,105.900528,46939000
18/04/2016,108.889999,108.949997,106.940002,107.480003,103.615738,60834000
19/04/2016,107.879997,108,106.230003,106.910004,103.066238,32384900
20/04/2016,106.639999,108.089996,106.059998,107.129997,103.278313,30611000
21/04/2016,106.93,106.93,105.519997,105.970001,102.160034,31552500
22/04/2016,105.010002,106.480003,104.620003,105.68,101.880455,33683100
25/04/2016,105,105.650002,104.510002,105.080002,101.302032,28031600
26/04/2016,103.910004,105.300003,103.910004,104.349998,100.598267,56016200
27/04/2016,96,98.709999,95.68,97.82,94.303047,114602100
28/04/2016,97.610001,97.879997,94.25,94.830002,91.42054,82242700
29/04/2016,93.989998,94.720001,92.510002,93.739998,90.369743,68531500
02/05/2016,93.970001,94.080002,92.400002,93.639999,90.273331,48160100
03/05/2016,94.199997,95.739998,93.68,95.18,91.757965,56831300
04/05/2016,95.199997,95.900002,93.82,94.190002,90.803558,41025500
05/05/2016,94,94.07,92.68,93.239998,90.43499,35890500
06/05/2016,93.370003,93.449997,91.849998,92.720001,89.930634,43458200
09/05/2016,93,93.769997,92.589996,92.790001,89.998535,32936400
10/05/2016,93.330002,93.57,92.110001,93.419998,90.609573,33686800
11/05/2016,93.480003,93.57,92.459999,92.510002,89.726952,28719100
12/05/2016,92.720001,92.779999,89.470001,90.339996,87.622231,76314700
13/05/2016,90,91.669998,90,90.519997,87.796814,44392800
16/05/2016,92.389999,94.389999,91.650002,93.879997,91.05574,61259800
17/05/2016,94.550003,94.699997,93.010002,93.489998,90.677467,46916900
18/05/2016,94.160004,95.209999,93.889999,94.559998,91.715279,42062400
19/05/2016,94.639999,94.639999,93.57,94.199997,91.366112,30442100
20/05/2016,94.639999,95.43,94.519997,95.220001,92.355431,32026000
23/05/2016,95.870003,97.190002,95.669998,96.43,93.529022,38018600
24/05/2016,97.220001,98.089996,96.839996,97.900002,94.954796,35140200
25/05/2016,98.669998,99.739998,98.110001,99.620003,96.623062,38168800
26/05/2016,99.68,100.730003,98.639999,100.410004,97.389297,56331200
27/05/2016,99.440002,100.470001,99.25,100.349998,97.331093,36229500
31/05/2016,99.599998,100.400002,98.82,99.860001,96.855843,42307200
01/06/2016,99.019997,99.540001,98.330002,98.459999,95.497955,29173300
02/06/2016,97.599998,97.839996,96.629997,97.720001,94.780228,40191600
03/06/2016,97.790001,98.269997,97.449997,97.919998,94.97419,28062900
06/06/2016,97.989998,101.889999,97.550003,98.629997,95.662834,23292500
07/06/2016,99.25,99.870003,98.959999,99.029999,96.050804,22409500
08/06/2016,99.019997,99.559998,98.68,98.940002,95.963524,20848100
09/06/2016,98.5,99.989998,98.459999,99.650002,96.652153,26601400
10/06/2016,98.529999,99.349998,98.480003,98.830002,95.856819,31712900
13/06/2016,98.690002,99.120003,97.099998,97.339996,94.411652,38020500
14/06/2016,97.32,98.480003,96.75,97.459999,94.52803,31931900
15/06/2016,97.82,98.410004,97.029999,97.139999,94.217667,29445200
16/06/2016,96.449997,97.75,96.07,97.550003,94.615334,31326800
17/06/2016,96.620003,96.650002,95.300003,95.330002,92.46212,61008200
20/06/2016,96,96.57,95.029999,95.099998,92.239037,34411900
21/06/2016,94.940002,96.349998,94.68,95.910004,93.024666,35546400
22/06/2016,96.25,96.889999,95.349998,95.550003,92.675507,29219100
23/06/2016,95.940002,96.290001,95.25,96.099998,93.208954,32240200
24/06/2016,92.910004,94.660004,92.650002,93.400002,90.590187,75311400
27/06/2016,93,93.050003,91.5,92.040001,89.271095,45489600
28/06/2016,92.900002,93.660004,92.139999,93.589996,90.774452,40444900
29/06/2016,93.970001,94.550003,93.629997,94.400002,91.560097,36531000
30/06/2016,94.440002,95.769997,94.300003,95.599998,92.723991,35836400
01/07/2016,95.489998,96.470001,95.330002,95.889999,93.005264,26026500
05/07/2016,95.389999,95.400002,94.459999,94.989998,92.132347,27705200
06/07/2016,94.599998,95.660004,94.370003,95.529999,92.656097,30949100
07/07/2016,95.699997,96.5,95.620003,95.940002,93.053764,25139600
08/07/2016,96.489998,96.889999,96.050003,96.68,93.771507,28912100
11/07/2016,96.75,97.650002,96.730003,96.980003,94.062469,23794900
12/07/2016,97.169998,97.699997,97.120003,97.419998,94.48925,24167500
13/07/2016,97.410004,97.669998,96.839996,96.870003,93.955788,25892200
14/07/2016,97.389999,98.989998,97.32,98.790001,95.818039,38919000
15/07/2016,98.919998,99.300003,98.5,98.779999,95.808319,30137000
18/07/2016,98.699997,100.129997,98.599998,99.830002,96.826736,36493900
19/07/2016,99.559998,100,99.339996,99.870003,96.865524,23779900
20/07/2016,100,100.459999,99.739998,99.959999,96.952835,26276000
21/07/2016,99.830002,101,99.129997,99.43,96.438766,32702000
22/07/2016,99.260002,99.300003,98.309998,98.660004,95.691956,28313700
25/07/2016,98.25,98.839996,96.919998,97.339996,94.411652,40382900
26/07/2016,96.82,97.970001,96.419998,96.669998,93.761803,56239800
27/07/2016,104.269997,104.349998,102.75,102.949997,99.852875,92344800
28/07/2016,102.830002,104.449997,102.82,104.339996,101.201065,39869800
29/07/2016,104.190002,104.550003,103.68,104.209999,101.074974,27733700
01/08/2016,104.410004,106.150002,104.410004,106.050003,102.859627,38167900
02/08/2016,106.050003,106.07,104,104.480003,101.336853,33816600
03/08/2016,104.809998,105.839996,104.769997,105.790001,102.607445,30202600
04/08/2016,105.580002,106,105.279999,105.870003,103.241302,27408700
05/08/2016,106.269997,107.650002,106.18,107.480003,104.811317,40553400
08/08/2016,107.519997,108.370003,107.160004,108.370003,105.679222,28037200
09/08/2016,108.230003,108.940002,108.010002,108.809998,106.108307,26315200
10/08/2016,108.709999,108.900002,107.760002,108,105.318413,24008500
11/08/2016,108.519997,108.93,107.849998,107.93,105.250153,27484500
12/08/2016,107.779999,108.440002,107.779999,108.18,105.493942,18660400
15/08/2016,108.139999,109.540001,108.080002,109.480003,106.761665,25868200
16/08/2016,109.629997,110.230003,109.209999,109.379997,106.664139,33794400
17/08/2016,109.099998,109.370003,108.339996,109.220001,106.508125,25356000
18/08/2016,109.230003,109.599998,109.019997,109.080002,106.371605,21984700
19/08/2016,108.769997,109.690002,108.360001,109.360001,106.644638,25368100
22/08/2016,108.860001,109.099998,107.849998,108.510002,105.81575,25820200
23/08/2016,108.589996,109.32,108.529999,108.849998,106.147301,21257700
24/08/2016,108.57,108.75,107.68,108.029999,105.347672,23675100
25/08/2016,107.389999,107.879997,106.68,107.57,104.899086,25086200
26/08/2016,107.410004,107.949997,106.309998,106.940002,104.284737,27766300
29/08/2016,106.620003,107.440002,106.290001,106.82,104.167717,24970300
30/08/2016,105.800003,106.5,105.5,106,103.368065,24863900
31/08/2016,105.660004,106.57,105.639999,106.099998,103.465576,29662400
01/09/2016,106.139999,106.800003,105.620003,106.730003,104.079948,26701500
02/09/2016,107.699997,108,106.82,107.730003,105.055122,26802500
06/09/2016,107.900002,108.300003,107.510002,107.699997,105.025856,26880400
07/09/2016,107.830002,108.760002,107.07,108.360001,105.669479,42364300
08/09/2016,107.25,107.269997,105.239998,105.519997,102.900002,53002000
09/09/2016,104.639999,105.720001,103.129997,103.129997,100.569328,46557000
12/09/2016,102.650002,105.720001,102.529999,105.440002,102.821976,45292800
13/09/2016,107.510002,108.790001,107.239998,107.949997,105.269653,62176200
14/09/2016,108.730003,113.029999,108.599998,111.769997,108.994804,110888700
15/09/2016,113.860001,115.730003,113.489998,115.57,112.700455,89983600
16/09/2016,115.120003,116.129997,114.040001,114.919998,112.066589,79886900
19/09/2016,115.190002,116.18,113.25,113.580002,110.759865,47023000
20/09/2016,113.050003,114.120003,112.510002,113.57,110.750114,34514300
21/09/2016,113.849998,113.989998,112.440002,113.550003,110.730614,36003200
22/09/2016,114.349998,114.940002,114,114.620003,111.77404,31074000
23/09/2016,114.419998,114.790001,111.550003,112.709999,109.911469,52481200
26/09/2016,111.639999,113.389999,111.550003,112.879997,110.077232,29869400
27/09/2016,113,113.18,112.339996,113.089996,110.282028,24607400
28/09/2016,113.690002,114.639999,113.43,113.949997,111.120674,29641100
29/09/2016,113.160004,113.800003,111.800003,112.18,109.394623,35887000
30/09/2016,112.459999,113.370003,111.800003,113.050003,110.243034,36379100
03/10/2016,112.709999,113.050003,112.279999,112.519997,109.726181,21701800
04/10/2016,113.059998,114.309998,112.629997,113,110.194267,29736800
05/10/2016,113.400002,113.660004,112.690002,113.050003,110.243034,21453100
06/10/2016,113.699997,114.339996,113.129997,113.889999,111.062164,28779300
07/10/2016,114.309998,114.559998,113.510002,114.059998,111.227943,24358400
10/10/2016,115.019997,116.75,114.720001,116.050003,113.168541,36236000
11/10/2016,117.699997,118.690002,116.199997,116.300003,113.412331,64041000
12/10/2016,117.349998,117.980003,116.75,117.339996,114.426506,37586800
13/10/2016,116.790001,117.440002,115.720001,116.980003,114.075439,35192400
14/10/2016,117.879997,118.169998,117.129997,117.629997,114.709312,35652200
17/10/2016,117.330002,117.839996,116.779999,117.550003,114.631294,23624900
18/10/2016,118.18,118.209999,117.449997,117.470001,114.553284,24553500
19/10/2016,117.25,117.760002,113.800003,117.120003,114.211975,20034600
20/10/2016,116.860001,117.379997,116.330002,117.059998,114.153458,24125800
21/10/2016,116.809998,116.910004,116.279999,116.599998,113.70488,23192700
24/10/2016,117.099998,117.739998,117,117.650002,114.728798,23538700
25/10/2016,117.949997,118.360001,117.309998,118.25,115.313919,48129000
26/10/2016,114.309998,115.699997,113.309998,115.589996,112.719963,66134200
27/10/2016,115.389999,115.860001,114.099998,114.480003,111.63752,34562000
28/10/2016,113.870003,115.209999,113.449997,113.720001,110.896393,37861700
31/10/2016,113.650002,114.230003,113.199997,113.540001,110.720856,26419400
01/11/2016,113.459999,113.769997,110.529999,111.489998,108.721756,43825800
02/11/2016,111.400002,112.349998,111.230003,111.589996,108.819275,28331700
03/11/2016,110.980003,111.459999,109.550003,109.830002,107.652863,26932600
04/11/2016,108.529999,110.25,108.110001,108.839996,106.68248,30837000
07/11/2016,110.080002,110.510002,109.459999,110.410004,108.221375,32560000
08/11/2016,110.309998,111.720001,109.699997,111.059998,108.858475,24054500
09/11/2016,109.879997,111.32,108.050003,110.879997,108.682053,59176400
10/11/2016,111.089996,111.089996,105.830002,107.790001,105.653305,57134500
11/11/2016,107.120003,108.870003,106.550003,108.43,106.280617,34094100
14/11/2016,107.709999,107.809998,104.080002,105.709999,103.614532,51175500
15/11/2016,106.57,107.68,106.160004,107.110001,104.986778,32264500
16/11/2016,106.699997,110.230003,106.599998,109.989998,107.809685,58840500
17/11/2016,109.809998,110.349998,108.830002,109.949997,107.770493,27632000
18/11/2016,109.720001,110.540001,109.660004,110.059998,107.878304,28428900
21/11/2016,110.120003,111.989998,110.010002,111.730003,109.515205,29264600
22/11/2016,111.949997,112.419998,111.400002,111.800003,109.583809,25965500
23/11/2016,111.360001,111.510002,110.330002,111.230003,109.025116,27426400
25/11/2016,111.129997,111.870003,110.949997,111.790001,109.574013,11475900
28/11/2016,111.43,112.470001,111.389999,111.57,109.358368,27194000
29/11/2016,110.779999,112.029999,110.07,111.459999,109.250565,28528800
30/11/2016,111.599998,112.199997,110.269997,110.519997,108.329185,36162300
01/12/2016,110.370003,110.940002,109.029999,109.489998,107.319611,37086900
02/12/2016,109.169998,110.089996,108.849998,109.900002,107.721481,26528000
05/12/2016,110,110.029999,108.25,109.110001,106.947144,34324500
06/12/2016,109.5,110.360001,109.190002,109.949997,107.770493,26195500
07/12/2016,109.260002,111.190002,109.160004,111.029999,108.829071,29998700
08/12/2016,110.860001,112.43,110.599998,112.120003,109.897469,27068300
09/12/2016,112.309998,114.699997,112.309998,113.949997,111.691193,34402600
12/12/2016,113.290001,115,112.489998,113.300003,111.054092,26374400
13/12/2016,113.839996,115.919998,113.75,115.190002,112.906616,43733800
14/12/2016,115.040001,116.199997,114.980003,115.190002,112.906616,34031800
15/12/2016,115.379997,116.730003,115.230003,115.82,113.524132,46524500
16/12/2016,116.470001,116.5,115.650002,115.970001,113.671158,44351100
19/12/2016,115.800003,117.379997,115.75,116.639999,114.327881,27779400
20/12/2016,116.739998,117.5,116.68,116.949997,114.631729,21425000
21/12/2016,116.800003,117.400002,116.779999,117.059998,114.739555,23783200
22/12/2016,116.349998,116.510002,115.639999,116.290001,113.984818,26085900
23/12/2016,115.589996,116.519997,115.589996,116.519997,114.210243,14181200
27/12/2016,116.519997,117.800003,116.489998,117.260002,114.935585,18296900
28/12/2016,117.519997,118.019997,116.199997,116.760002,114.445503,20905900
29/12/2016,116.449997,117.110001,116.400002,116.730003,114.416092,15039500
30/12/2016,116.650002,117.199997,115.43,115.82,113.524132,30586300
03/01/2017,115.800003,116.330002,114.760002,116.150002,113.847588,28781900
04/01/2017,115.849998,116.510002,115.75,116.019997,113.720169,21118100
05/01/2017,115.919998,116.860001,115.809998,116.610001,114.29847,22193600
06/01/2017,116.779999,118.160004,116.470001,117.910004,115.572701,31751900
09/01/2017,117.949997,119.43,117.940002,118.989998,116.631287,33561900
10/01/2017,118.769997,119.379997,118.300003,119.110001,116.748909,24462100
11/01/2017,118.739998,119.93,118.599998,119.75,117.376228,27588600
12/01/2017,118.900002,119.300003,118.209999,119.25,116.886131,27086200
13/01/2017,119.110001,119.620003,118.809998,119.040001,116.680298,26111900
17/01/2017,118.339996,120.239998,118.220001,120,117.621277,34439800
18/01/2017,120,120.5,119.709999,119.989998,117.611465,23713000
19/01/2017,119.400002,120.089996,119.370003,119.779999,117.405624,25597300
20/01/2017,120.449997,120.449997,119.730003,120,117.621277,32597900
23/01/2017,120,120.809998,119.769997,120.080002,117.699692,22050200
24/01/2017,119.550003,120.099998,119.5,119.970001,117.591873,23211000
25/01/2017,120.419998,122.099998,120.279999,121.879997,119.464005,32377600
26/01/2017,121.669998,122.440002,121.599998,121.940002,119.52282,26337600
27/01/2017,122.139999,122.349998,121.599998,121.949997,119.532608,20562900
30/01/2017,120.93,121.629997,120.660004,121.629997,119.218956,30377500
31/01/2017,121.150002,121.389999,120.620003,121.349998,118.944504,49201000
01/02/2017,127.029999,130.490005,127.010002,128.75,126.197807,111985000
02/02/2017,127.980003,129.389999,127.779999,128.529999,125.982185,33710400
03/02/2017,128.309998,129.190002,128.160004,129.080002,126.521278,24507300
06/02/2017,129.130005,130.5,128.899994,130.289993,127.707291,26845900
07/02/2017,130.539993,132.089996,130.449997,131.529999,128.922699,38183800
08/02/2017,131.350006,132.220001,131.220001,132.039993,129.422607,23004100
09/02/2017,131.649994,132.449997,131.119995,132.419998,130.357819,28349900
10/02/2017,132.460007,132.940002,132.050003,132.119995,130.062485,20065500
13/02/2017,133.080002,133.820007,132.75,133.289993,131.214249,23035400
14/02/2017,133.470001,135.089996,133.25,135.020004,132.917313,33226200
15/02/2017,135.520004,136.270004,134.619995,135.509995,133.399689,35623100
16/02/2017,135.669998,135.899994,134.839996,135.350006,133.242172,22584600
17/02/2017,135.100006,135.830002,135.100006,135.720001,133.60643,22198200
21/02/2017,136.229996,136.75,135.979996,136.699997,134.571167,24507200
22/02/2017,136.429993,137.119995,136.110001,137.110001,134.974777,20836900
23/02/2017,137.380005,137.479996,136.300003,136.529999,134.403809,20788200
24/02/2017,135.910004,136.660004,135.279999,136.660004,134.531784,21776600
27/02/2017,137.139999,137.440002,136.279999,136.929993,134.797562,20257400
28/02/2017,137.080002,137.440002,136.699997,136.990005,134.856659,23482900
01/03/2017,137.889999,140.149994,137.600006,139.789993,137.613022,36414600
02/03/2017,140,140.279999,138.759995,138.960007,136.795959,26211000
03/03/2017,138.779999,139.830002,138.589996,139.779999,137.603195,21108100
06/03/2017,139.369995,139.770004,138.600006,139.339996,137.170029,21750000
07/03/2017,139.059998,139.979996,138.789993,139.520004,137.347229,17446300
08/03/2017,138.949997,139.800003,138.820007,139,136.835342,18707200
09/03/2017,138.740005,138.789993,137.050003,138.679993,136.520309,22155900
10/03/2017,139.25,139.360001,138.639999,139.139999,136.973145,19612800
13/03/2017,138.850006,139.429993,138.820007,139.199997,137.032211,17421700
14/03/2017,139.300003,139.649994,138.839996,138.990005,136.825485,15309100
15/03/2017,139.410004,140.75,139.029999,140.460007,138.272614,25691800
16/03/2017,140.720001,141.020004,140.259995,140.690002,138.499023,19232000
17/03/2017,141,141,139.889999,139.990005,137.809906,43885000
20/03/2017,140.399994,141.5,140.229996,141.460007,139.257034,21542000
21/03/2017,142.110001,142.800003,139.729996,139.839996,137.662262,39529900
22/03/2017,139.850006,141.600006,139.759995,141.419998,139.217636,25860200
23/03/2017,141.259995,141.580002,140.610001,140.919998,138.725433,20346300
24/03/2017,141.5,141.740005,140.350006,140.639999,138.449783,22395600
27/03/2017,139.389999,141.220001,138.619995,140.880005,138.68605,23575100
28/03/2017,140.910004,144.039993,140.619995,143.800003,141.560593,33374800
29/03/2017,143.679993,144.490005,143.190002,144.119995,141.875595,29190000
30/03/2017,144.190002,144.5,143.5,143.929993,141.688553,21207300
31/03/2017,143.720001,144.270004,143.009995,143.660004,141.42276,19661700
03/04/2017,143.710007,144.119995,143.050003,143.699997,141.462143,19985700
04/04/2017,143.25,144.889999,143.169998,144.770004,142.515488,19891400
05/04/2017,144.220001,145.460007,143.809998,144.020004,141.777161,27717900
06/04/2017,144.289993,144.520004,143.449997,143.660004,141.42276,21149000
07/04/2017,143.729996,144.179993,143.270004,143.339996,141.107742,16672200
10/04/2017,143.600006,143.880005,142.899994,143.169998,140.940399,18933400
11/04/2017,142.940002,143.350006,140.059998,141.630005,139.424393,30379400
12/04/2017,141.600006,142.149994,141.009995,141.800003,139.591721,20350000
13/04/2017,141.910004,142.380005,141.050003,141.050003,138.853424,17822900
17/04/2017,141.479996,141.880005,140.869995,141.830002,139.621262,16582100
18/04/2017,141.410004,142.039993,141.110001,141.199997,139.001068,14697500
19/04/2017,141.880005,142,140.449997,140.679993,138.489166,17328400
20/04/2017,141.220001,142.919998,141.160004,142.440002,140.221771,23319600
21/04/2017,142.440002,142.679993,141.850006,142.270004,140.054413,17320900
24/04/2017,143.5,143.949997,143.179993,143.639999,141.403061,17134300
25/04/2017,143.910004,144.899994,143.869995,144.529999,142.279205,18871500
26/04/2017,144.470001,144.600006,143.380005,143.679993,141.442444,20041200
27/04/2017,143.919998,144.160004,143.309998,143.789993,141.550735,14246300
28/04/2017,144.089996,144.300003,143.270004,143.649994,141.412918,20860400
01/05/2017,145.100006,147.199997,144.960007,146.580002,144.297287,33602900
02/05/2017,147.539993,148.089996,146.839996,147.509995,145.212799,45352200
03/05/2017,145.589996,147.490005,144.270004,147.059998,144.769821,45697000
04/05/2017,146.520004,147.139999,145.809998,146.529999,144.248062,23371900
05/05/2017,146.759995,148.979996,146.759995,148.960007,146.640228,27327700
08/05/2017,149.029999,153.699997,149.029999,153.009995,150.627167,48752400
09/05/2017,153.869995,154.880005,153.449997,153.990005,151.591904,39130400
10/05/2017,153.630005,153.940002,152.110001,153.259995,150.87326,25805700
11/05/2017,152.449997,154.070007,152.309998,153.949997,152.178055,27255100
12/05/2017,154.699997,156.419998,154.669998,156.100006,154.303329,32527000
15/05/2017,156.009995,156.649994,155.050003,155.699997,153.907913,26009700
16/05/2017,155.940002,156.059998,154.720001,155.470001,153.680573,20048500
17/05/2017,153.600006,154.570007,149.710007,150.25,148.52066,50767700
18/05/2017,151.270004,153.339996,151.130005,152.539993,150.784286,33568200
19/05/2017,153.380005,153.979996,152.630005,153.059998,151.298294,26960800
22/05/2017,154,154.580002,152.910004,153.990005,152.217621,22966400
23/05/2017,154.899994,154.899994,153.309998,153.800003,152.029785,19918900
24/05/2017,153.839996,154.169998,152.669998,153.339996,151.575073,19178000
25/05/2017,153.729996,154.350006,153.029999,153.869995,152.098969,19235600
26/05/2017,154,154.240005,153.309998,153.610001,151.84198,21701100
30/05/2017,153.419998,154.429993,153.330002,153.669998,151.901291,20126900
31/05/2017,153.970001,154.169998,152.380005,152.759995,151.00177,24451200
01/06/2017,153.169998,153.330002,152.220001,153.179993,151.416931,16404100
02/06/2017,153.580002,155.449997,152.889999,155.449997,153.660797,27770700
05/06/2017,154.339996,154.449997,153.460007,153.929993,152.158295,25331700
06/06/2017,153.899994,155.809998,153.779999,154.449997,152.672302,26624900
07/06/2017,155.020004,155.979996,154.479996,155.369995,153.581711,21069600
08/06/2017,155.25,155.539993,154.399994,154.990005,153.2061,21250800
09/06/2017,155.190002,155.190002,146.020004,148.979996,147.265274,64882700
12/06/2017,145.740005,146.089996,142.509995,145.419998,143.746246,72307300
13/06/2017,147.160004,147.449997,145.149994,146.589996,144.902771,34165400
14/06/2017,147.5,147.5,143.839996,145.160004,143.489243,31531200
15/06/2017,143.320007,144.479996,142.210007,144.289993,142.629257,32165400
16/06/2017,143.779999,144.5,142.199997,142.270004,140.632507,50361100
19/06/2017,143.660004,146.740005,143.660004,146.339996,144.655655,32541400
20/06/2017,146.869995,146.869995,144.940002,145.009995,143.340973,24900100
21/06/2017,145.520004,146.070007,144.610001,145.869995,144.191055,21265800
22/06/2017,145.770004,146.699997,145.119995,145.630005,143.953827,19106300
23/06/2017,145.130005,147.160004,145.110001,146.279999,144.596344,35439400
26/06/2017,147.169998,148.279999,145.380005,145.820007,144.141663,25692400
27/06/2017,145.009995,146.160004,143.619995,143.729996,142.075699,24761900
28/06/2017,144.490005,146.110001,143.160004,145.830002,144.15152,22082400
29/06/2017,144.710007,145.130005,142.279999,143.679993,142.02626,31499400
30/06/2017,144.449997,144.960007,143.779999,144.020004,142.36235,23024100
03/07/2017,144.880005,145.300003,143.100006,143.5,141.848328,14258300
05/07/2017,143.690002,144.789993,142.720001,144.089996,142.431564,21569600
06/07/2017,143.020004,143.5,142.410004,142.729996,141.087204,24128800
07/07/2017,142.899994,144.75,142.899994,144.179993,142.520523,19201700
10/07/2017,144.110001,145.949997,143.369995,145.059998,143.390381,21090600
11/07/2017,144.729996,145.850006,144.380005,145.529999,143.85498,19781800
12/07/2017,145.869995,146.179993,144.820007,145.740005,144.062576,24884500
13/07/2017,145.5,148.490005,145.440002,147.770004,146.069214,25199400
14/07/2017,147.970001,149.330002,147.330002,149.039993,147.32457,20132100
17/07/2017,148.820007,150.899994,148.570007,149.559998,147.838593,23793500
18/07/2017,149.199997,150.130005,148.669998,150.080002,148.352615,17868800
19/07/2017,150.479996,151.419998,149.949997,151.020004,149.281784,20923000
20/07/2017,151.5,151.740005,150.190002,150.339996,148.609619,17243700
21/07/2017,149.990005,150.440002,148.880005,150.270004,148.540421,26252600
24/07/2017,150.580002,152.440002,149.899994,152.089996,150.339478,21493200
25/07/2017,151.800003,153.839996,151.800003,152.740005,150.981995,18853900
26/07/2017,153.350006,153.929993,153.059998,153.460007,151.69371,15781000
27/07/2017,153.75,153.990005,147.300003,150.559998,148.827087,32476300
28/07/2017,149.889999,150.229996,149.190002,149.5,147.779297,17213700
31/07/2017,149.899994,150.330002,148.130005,148.729996,147.018143,19845900
01/08/2017,149.100006,150.220001,148.410004,150.050003,148.322952,35368600
02/08/2017,159.279999,159.75,156.160004,157.139999,155.331345,69936800
03/08/2017,157.050003,157.210007,155.020004,155.570007,153.779419,27097300
04/08/2017,156.070007,157.399994,155.690002,156.389999,154.589981,20559900
07/08/2017,157.059998,158.919998,156.669998,158.809998,156.982132,21870300
08/08/2017,158.600006,161.830002,158.270004,160.080002,158.237503,36205900
09/08/2017,159.259995,161.270004,159.110001,161.059998,159.206223,26131500
10/08/2017,159.899994,160,154.630005,155.320007,154.135223,40804300
11/08/2017,156.600006,158.570007,156.070007,157.479996,156.278748,26257100
14/08/2017,159.320007,160.210007,158.75,159.850006,158.630661,22122700
15/08/2017,160.660004,162.199997,160.139999,161.600006,160.36731,29465500
16/08/2017,161.940002,162.509995,160.149994,160.949997,159.72226,27671600
17/08/2017,160.520004,160.710007,157.839996,157.860001,156.655838,27940600
18/08/2017,157.860001,159.5,156.720001,157.5,156.298584,27428100
21/08/2017,157.5,157.889999,155.110001,157.210007,156.010803,26368500
22/08/2017,158.229996,160,158.020004,159.779999,158.561203,21604600
23/08/2017,159.070007,160.470001,158.880005,159.979996,158.759674,19399100
24/08/2017,160.429993,160.740005,158.550003,159.270004,158.055084,19818900
25/08/2017,159.649994,160.559998,159.270004,159.860001,158.640594,25480100
28/08/2017,160.139999,162,159.929993,161.470001,160.238312,25966000
29/08/2017,160.100006,163.119995,160,162.910004,161.667328,29516900
30/08/2017,163.800003,163.889999,162.610001,163.350006,162.103973,27269600
31/08/2017,163.639999,164.520004,163.479996,164,162.749008,26785100
01/09/2017,164.800003,164.940002,163.630005,164.050003,162.798615,16591100
05/09/2017,163.75,164.25,160.559998,162.080002,160.843658,29468500
06/09/2017,162.710007,162.990005,160.520004,161.910004,160.674957,21651700
07/09/2017,162.089996,162.240005,160.360001,161.259995,160.029892,21928500
08/09/2017,160.860001,161.149994,158.529999,158.630005,157.419983,28611500
11/09/2017,160.5,162.050003,159.889999,161.5,160.268082,31085900
12/09/2017,162.610001,163.960007,158.770004,160.860001,159.63295,71714000
13/09/2017,159.869995,159.960007,157.910004,159.649994,158.432175,44907400
14/09/2017,158.990005,159.399994,158.089996,158.279999,157.072632,23760700
15/09/2017,158.470001,160.970001,158,159.880005,158.660431,49114600
18/09/2017,160.110001,160.5,158,158.669998,157.459656,28269400
19/09/2017,159.509995,159.770004,158.440002,158.729996,157.519196,20810600
20/09/2017,157.899994,158.259995,153.830002,156.070007,154.879501,52951400
21/09/2017,155.800003,155.800003,152.75,153.389999,152.21994,37511700
22/09/2017,151.539993,152.270004,150.559998,151.889999,150.731384,46645400
25/09/2017,149.990005,151.830002,149.160004,150.550003,149.401596,44387300
26/09/2017,151.779999,153.919998,151.690002,153.139999,151.971832,36660000
27/09/2017,153.800003,154.720001,153.539993,154.229996,153.053528,25504200
28/09/2017,153.889999,154.279999,152.699997,153.279999,152.110779,22005500
29/09/2017,153.210007,154.130005,152,154.119995,152.944366,26299800
02/10/2017,154.259995,154.449997,152.720001,153.809998,152.636734,18698800
03/10/2017,154.009995,155.089996,153.910004,154.479996,153.30162,16230300
04/10/2017,153.630005,153.860001,152.460007,153.479996,152.30925,20163800
05/10/2017,154.179993,155.440002,154.050003,155.389999,154.204681,21283800
06/10/2017,154.970001,155.490005,154.559998,155.300003,154.115372,17407600
09/10/2017,155.809998,156.729996,155.490005,155.839996,154.651245,16262900
10/10/2017,156.059998,158,155.100006,155.899994,154.710785,15617000
11/10/2017,155.970001,156.979996,155.75,156.550003,155.355835,16905600
12/10/2017,156.350006,157.369995,155.729996,156,154.810028,16125100
13/10/2017,156.729996,157.279999,156.410004,156.990005,155.792496,16394200
16/10/2017,157.899994,160,157.649994,159.880005,158.660431,24121500
17/10/2017,159.779999,160.869995,159.229996,160.470001,159.245941,18997300
18/10/2017,160.419998,160.710007,159.600006,159.759995,158.541336,16374200
19/10/2017,156.75,157.080002,155.020004,155.979996,154.790176,42584200
20/10/2017,156.610001,157.75,155.960007,156.25,155.058121,23974100
23/10/2017,156.889999,157.690002,155.5,156.169998,154.978729,21984300
24/10/2017,156.289993,157.419998,156.199997,157.100006,155.901642,17757200
25/10/2017,156.910004,157.550003,155.270004,156.410004,155.216904,21207100
26/10/2017,157.229996,157.830002,156.779999,157.410004,156.209274,17000500
27/10/2017,159.289993,163.600006,158.699997,163.050003,161.806259,44454200
30/10/2017,163.889999,168.070007,163.720001,166.720001,165.448257,44700800
31/10/2017,167.899994,169.649994,166.940002,169.039993,167.750549,36046800
01/11/2017,169.869995,169.940002,165.610001,166.889999,165.616959,33637800
02/11/2017,166.600006,168.5,165.279999,168.110001,166.827652,41393400
03/11/2017,174,174.259995,171.119995,172.5,171.184174,59398600
06/11/2017,172.369995,174.990005,171.720001,174.25,172.920822,35026300
07/11/2017,173.910004,175.25,173.600006,174.809998,173.476532,24361500
08/11/2017,174.660004,176.240005,174.330002,176.240005,174.895645,24409500
09/11/2017,175.110001,176.100006,173.139999,175.880005,174.538391,29482600
10/11/2017,175.110001,175.380005,174.270004,174.669998,173.960739,25145500
13/11/2017,173.5,174.5,173.399994,173.970001,173.26358,16982100
14/11/2017,173.039993,173.479996,171.179993,171.339996,170.644257,24782500
15/11/2017,169.970001,170.320007,168.380005,169.080002,168.393448,29158100
16/11/2017,171.179993,171.869995,170.300003,171.100006,170.405243,23637500
17/11/2017,171.039993,171.389999,169.639999,170.149994,169.459091,21899500
20/11/2017,170.289993,170.559998,169.559998,169.979996,169.28978,16262400
21/11/2017,170.779999,173.699997,170.779999,173.139999,172.436951,25131300
22/11/2017,173.360001,175,173.050003,174.960007,174.249573,25588900
24/11/2017,175.100006,175.5,174.649994,174.970001,174.259521,14026700
27/11/2017,175.050003,175.080002,173.339996,174.089996,173.383087,20716800
28/11/2017,174.300003,174.869995,171.860001,173.070007,172.367249,26428800
29/11/2017,172.630005,172.919998,167.160004,169.479996,168.791809,41666400
30/11/2017,170.429993,172.139999,168.440002,171.850006,171.152191,41527200
01/12/2017,169.949997,171.669998,168.5,171.050003,170.355438,39759300
04/12/2017,172.479996,172.619995,169.630005,169.800003,169.110519,32542400
05/12/2017,169.059998,171.520004,168.399994,169.639999,168.951172,27350200
06/12/2017,167.5,170.199997,166.460007,169.009995,168.323715,28560000
07/12/2017,169.029999,170.440002,168.910004,169.320007,168.632477,25673300
08/12/2017,170.490005,171,168.820007,169.369995,168.682251,23355200
11/12/2017,169.199997,172.889999,168.789993,172.669998,171.968857,35273800
12/12/2017,172.149994,172.389999,171.460007,171.699997,171.002792,19409200
13/12/2017,172.5,173.539993,172,172.270004,171.570496,23818400
14/12/2017,172.399994,173.130005,171.649994,172.220001,171.520691,20476500
15/12/2017,173.630005,174.169998,172.460007,173.970001,173.26358,40169300
18/12/2017,174.880005,177.199997,174.860001,176.419998,175.703629,29421100
19/12/2017,175.029999,175.389999,174.089996,174.539993,173.831268,27436400
20/12/2017,174.869995,175.419998,173.25,174.350006,173.642044,23475600
21/12/2017,174.169998,176.020004,174.100006,175.009995,174.299362,20949900
22/12/2017,174.679993,175.419998,174.5,175.009995,174.299362,16349400
26/12/2017,170.800003,171.470001,169.679993,170.570007,169.877396,33185500
27/12/2017,170.100006,170.779999,169.710007,170.600006,169.907272,21498200
28/12/2017,171,171.850006,170.479996,171.080002,170.385315,16480200
29/12/2017,170.520004,170.589996,169.220001,169.229996,168.542831,25999900
02/01/2018,170.160004,172.300003,169.259995,172.259995,171.560516,25555900
03/01/2018,172.529999,174.550003,171.960007,172.229996,171.53064,29517900
04/01/2018,172.539993,173.470001,172.080002,173.029999,172.327393,22434600
05/01/2018,173.440002,175.369995,173.050003,175,174.289398,23660000
08/01/2018,174.350006,175.610001,173.929993,174.350006,173.642044,20567800
09/01/2018,174.550003,175.059998,173.410004,174.330002,173.622116,21584000
10/01/2018,173.160004,174.300003,173,174.289993,173.582275,23959900
11/01/2018,174.589996,175.490005,174.490005,175.279999,174.568268,18667700
12/01/2018,176.179993,177.360001,175.649994,177.089996,176.370911,25418100
16/01/2018,177.899994,179.389999,176.139999,176.190002,175.474579,29565900
17/01/2018,176.149994,179.25,175.070007,179.100006,178.372757,34386800
18/01/2018,179.369995,180.100006,178.25,179.259995,178.532104,31193400
19/01/2018,178.610001,179.580002,177.410004,178.460007,177.735352,32425100
22/01/2018,177.300003,177.779999,176.600006,177,176.281281,27108600
23/01/2018,177.300003,179.440002,176.820007,177.039993,176.321106,32689100
24/01/2018,177.25,177.300003,173.199997,174.220001,173.512573,51105100
25/01/2018,174.509995,174.949997,170.529999,171.110001,170.415192,41529000
26/01/2018,172,172,170.059998,171.509995,170.813568,39143000
29/01/2018,170.160004,170.160004,167.070007,167.960007,167.278,50640400
30/01/2018,165.529999,167.369995,164.699997,166.970001,166.292007,46048200
31/01/2018,166.869995,168.440002,166.5,167.429993,166.750137,32478900
01/02/2018,167.169998,168.619995,166.759995,167.779999,167.098724,47230800
02/02/2018,166,166.800003,160.100006,160.5,159.848282,86593800
05/02/2018,159.100006,163.880005,156,156.490005,155.854568,72738500
06/02/2018,154.830002,163.720001,154,163.029999,162.368011,68243800
07/02/2018,163.089996,163.399994,159.070007,159.539993,158.892166,51608600
08/02/2018,160.289993,161,155.029999,155.149994,154.520004,54390500
09/02/2018,157.070007,157.889999,150.240005,156.410004,156.410004,70672600
12/02/2018,158.5,163.889999,157.509995,162.710007,162.710007,60819500
13/02/2018,161.949997,164.75,161.649994,164.339996,164.339996,32549200
14/02/2018,163.039993,167.539993,162.880005,167.369995,167.369995,40644900
15/02/2018,169.789993,173.089996,169,172.990005,172.990005,51147200
16/02/2018,172.360001,174.820007,171.770004,172.429993,172.429993,40176100
20/02/2018,172.050003,174.259995,171.419998,171.850006,171.850006,33930500
21/02/2018,172.830002,174.119995,171.009995,171.070007,171.070007,37471600
22/02/2018,171.800003,173.949997,171.710007,172.5,172.5,30991900
23/02/2018,173.669998,175.649994,173.539993,175.5,175.5,33812400
26/02/2018,176.350006,179.389999,176.210007,178.970001,178.970001,38162200
27/02/2018,179.100006,180.479996,178.160004,178.389999,178.389999,38928100
28/02/2018,179.259995,180.619995,178.050003,178.119995,178.119995,37782100
01/03/2018,178.539993,179.779999,172.660004,175,175,48802000
02/03/2018,172.800003,176.300003,172.449997,176.210007,176.210007,38454000
05/03/2018,175.210007,177.740005,174.520004,176.820007,176.820007,28401400
06/03/2018,177.910004,178.25,176.130005,176.669998,176.669998,23788500
07/03/2018,174.940002,175.850006,174.270004,175.029999,175.029999,31703500
08/03/2018,175.479996,177.119995,175.070007,176.940002,176.940002,23774100
09/03/2018,177.960007,180,177.389999,179.979996,179.979996,32185200
12/03/2018,180.289993,182.389999,180.210007,181.720001,181.720001,32207100
13/03/2018,182.589996,183.5,179.240005,179.970001,179.970001,31693500
14/03/2018,180.320007,180.520004,177.809998,178.440002,178.440002,29368400
15/03/2018,178.5,180.240005,178.070007,178.649994,178.649994,22743800
16/03/2018,178.649994,179.119995,177.619995,178.020004,178.020004,39404700
19/03/2018,177.320007,177.470001,173.660004,175.300003,175.300003,33446800
20/03/2018,175.240005,176.800003,174.940002,175.240005,175.240005,19649400
21/03/2018,175.039993,175.089996,171.259995,171.270004,171.270004,37054900
22/03/2018,170,172.679993,168.600006,168.850006,168.850006,41490800
23/03/2018,168.389999,169.919998,164.940002,164.940002,164.940002,41028800
26/03/2018,168.070007,173.100006,166.440002,172.770004,172.770004,37541200
27/03/2018,173.679993,175.149994,166.919998,168.339996,168.339996,40922600
28/03/2018,167.25,170.020004,165.190002,166.479996,166.479996,41668500
29/03/2018,167.809998,171.75,166.899994,167.779999,167.779999,38398500
02/04/2018,166.639999,168.940002,164.470001,166.679993,166.679993,37586800
03/04/2018,167.639999,168.75,164.880005,168.389999,168.389999,30278000
04/04/2018,164.880005,172.009995,164.770004,171.610001,171.610001,34605500
05/04/2018,172.580002,174.229996,172.080002,172.800003,172.800003,26933200
06/04/2018,170.970001,172.479996,168.199997,168.380005,168.380005,35005300
09/04/2018,169.880005,173.089996,169.850006,170.050003,170.050003,29017700
10/04/2018,173,174,171.529999,173.25,173.25,28408600
11/04/2018,172.229996,173.919998,171.699997,172.440002,172.440002,22431600
12/04/2018,173.410004,175,173.039993,174.139999,174.139999,22889300
13/04/2018,174.779999,175.839996,173.850006,174.729996,174.729996,25124300
16/04/2018,175.029999,176.190002,174.830002,175.820007,175.820007,21529200
